{
  "results": [
    {
      "command": "node dynamic-poolifier.mjs",
      "mean": 11.460686491090003,
      "stddev": 0.25081970175174806,
      "median": 11.46798398764,
      "user": 83.98807101,
      "system": 0.5325650499999999,
      "min": 11.07185692914,
      "max": 12.084592454140001,
      "times": [
        11.55452916214,
        11.20068952614,
        11.37649475814,
        11.07185692914,
        11.60220923814,
        12.084592454140001,
        11.29371622114,
        11.62904898514,
        11.30166552414,
        11.446099674140001,
        11.489868301140001,
        11.52266748014,
        11.81011461814,
        11.203381245140001,
        11.16964814914,
        11.286836902140001,
        11.655318195140001,
        11.22740957914,
        11.60969656514,
        11.67788631414
      ],
      "exit_codes": [
        0,
        0,
        0,
        0,
        0,
        0,
        0,
        0,
        0,
        0,
        0,
        0,
        0,
        0,
        0,
        0,
        0,
        0,
        0,
        0
      ]
    },
    {
      "command": "node fixed-poolifier.mjs",
      "mean": 11.542970538490001,
      "stddev": 0.34367513099545477,
      "median": 11.455383519640002,
      "user": 84.24208270999999,
      "system": 0.5048741999999999,
      "min": 11.11264735714,
      "max": 12.43351513114,
      "times": [
        12.24296193314,
        11.55019628614,
        11.268731587140001,
        11.48250923314,
        11.680712899140001,
        12.43351513114,
        11.78594244714,
        11.220906218140001,
        11.74624564914,
        11.80400478414,
        11.40014431114,
        11.59587397914,
        11.228737222140001,
        11.11264735714,
        11.428257806140001,
        11.22435232314,
        11.264055218140001,
        11.32840691214,
        11.380536257140001,
        11.68067321514
      ],
      "exit_codes": [
        0,
        0,
        0,
        0,
        0,
        0,
        0,
        0,
        0,
        0,
        0,
        0,
        0,
        0,
        0,
        0,
        0,
        0,
        0,
        0
      ]
    },
    {
      "command": "node dynamic-piscina.mjs",
      "mean": 14.00370990509,
      "stddev": 0.195190646587577,
      "median": 13.95897025564,
      "user": 84.30038051,
      "system": 0.8942395499999998,
      "min": 13.74530090314,
      "max": 14.404787197140001,
      "times": [
        14.20669045814,
        14.116467723140001,
        14.28127674814,
        13.74530090314,
        13.97036887314,
        13.83224729014,
        13.82272773214,
        13.890525632140001,
        13.82884830214,
        13.753288383140001,
        13.98871156214,
        14.404787197140001,
        14.03733164614,
        13.93805071214,
        13.87920565614,
        14.399814069140001,
        14.09713422714,
        13.947571638140001,
        14.00739293814,
        13.92645641014
      ],
      "exit_codes": [
        0,
        0,
        0,
        0,
        0,
        0,
        0,
        0,
        0,
        0,
        0,
        0,
        0,
        0,
        0,
        0,
        0,
        0,
        0,
        0
      ]
    },
    {
      "command": "node fixed-piscina.mjs",
      "mean": 13.971157231290002,
      "stddev": 0.18748653009873717,
      "median": 13.954581861640001,
      "user": 84.05523740999999,
      "system": 0.897861,
      "min": 13.749618012140001,
      "max": 14.60467247114,
      "times": [
        13.93401751114,
        14.153403305140001,
        13.99563867314,
        14.016568730140001,
        14.60467247114,
        14.04295730414,
        13.98590516114,
        13.836994992140001,
        14.16283542514,
        13.95397992414,
        13.95518379914,
        13.83943599014,
        13.76735754114,
        13.87862771914,
        13.81254605814,
        13.88567580814,
        13.840183258140001,
        13.99070596514,
        13.749618012140001,
        14.01683697714
      ],
      "exit_codes": [
        0,
        0,
        0,
        0,
        0,
        0,
        0,
        0,
        0,
        0,
        0,
        0,
        0,
        0,
        0,
        0,
        0,
        0,
        0,
        0
      ]
    },
    {
      "command": "node dynamic-tinypool.mjs",
      "mean": 14.078402252840002,
      "stddev": 0.17964768548679533,
      "median": 14.035605996640001,
      "user": 84.20895296,
      "system": 1.7079841500000001,
      "min": 13.87159967414,
      "max": 14.415486299140001,
      "times": [
        14.06757659014,
        14.15184551414,
        13.87159967414,
        13.98933836414,
        14.33406050414,
        13.95275701814,
        13.976909001140001,
        14.415486299140001,
        13.880121953140002,
        14.02409919914,
        14.052152449140001,
        14.28146063314,
        14.07133063214,
        14.394466858140001,
        14.34510712514,
        13.99131320014,
        14.04711279414,
        13.91149482214,
        13.90806625914,
        13.90174616614
      ],
      "exit_codes": [
        0,
        0,
        0,
        0,
        0,
        0,
        0,
        0,
        0,
        0,
        0,
        0,
        0,
        0,
        0,
        0,
        0,
        0,
        0,
        0
      ]
    },
    {
      "command": "node fixed-tinypool.mjs",
      "mean": 14.04153995254,
      "stddev": 0.21579330760949478,
      "median": 13.977037514640001,
      "user": 84.21406685999999,
      "system": 1.7156961,
      "min": 13.85588257614,
      "max": 14.77938356414,
      "times": [
        13.94437420514,
        14.09820678514,
        13.98808723914,
        14.128383172140001,
        13.981159983140001,
        14.77938356414,
        14.42934816214,
        14.06893937014,
        13.91567962214,
        14.14407409214,
        13.88692507714,
        13.960267247140001,
        13.96310109214,
        13.918613199140001,
        13.92105688814,
        13.994065623140001,
        13.85588257614,
        13.97291504614,
        14.002948978140001,
        13.87738712814
      ],
      "exit_codes": [
        0,
        0,
        0,
        0,
        0,
        0,
        0,
        0,
        0,
        0,
        0,
        0,
        0,
        0,
        0,
        0,
        0,
        0,
        0,
        0
      ]
    },
    {
      "command": "node dynamic-workerpool.mjs",
      "mean": 14.668654660189997,
      "stddev": 0.1751780961079337,
      "median": 14.62452225564,
      "user": 86.67234151,
      "system": 1.32287635,
      "min": 14.478081427140001,
      "max": 15.07487723414,
      "times": [
        14.51326478514,
        14.56531670514,
        14.54245101214,
        14.75296939014,
        14.586181163140001,
        14.51622098014,
        14.74627245614,
        14.63799034114,
        14.71788947814,
        14.51277760214,
        14.89880980214,
        14.66927356114,
        14.478081427140001,
        15.07487723414,
        15.05429255614,
        14.70443201614,
        14.611054170140001,
        14.506627959140001,
        14.52770836914,
        14.756602195140001
      ],
      "exit_codes": [
        0,
        0,
        0,
        0,
        0,
        0,
        0,
        0,
        0,
        0,
        0,
        0,
        0,
        0,
        0,
        0,
        0,
        0,
        0,
        0
      ]
    },
    {
      "command": "node fixed-workerpool.mjs",
      "mean": 14.69618620404,
      "stddev": 0.19135706242263026,
      "median": 14.63742826764,
      "user": 86.63727986,
      "system": 1.31793365,
      "min": 14.49212330914,
      "max": 15.232266306140001,