{
  "results": [
    {
      "command": "node dynamic-poolifier.mjs",
      "mean": 11.368003236860002,
      "stddev": 0.3224412822900955,
      "median": 11.28611924146,
      "user": 84.27590989999999,
      "system": 0.52854244,
      "min": 11.04924261246,
      "max": 12.28315011846,
      "times": [
        11.04924261246,
        12.164582731460001,
        11.42606048046,
        11.14701773246,
        12.28315011846,
        11.114457617460001,
        11.21295353046,
        11.31917603846,
        11.41331715546,
        11.14322856146,
        11.132846394460001,
        11.239183329460001,
        11.177805089460001,
        11.314058325460001,
        11.34120538546,
        11.17777176246,
        11.25818015746,
        11.416931810460001,
        11.491710340460001,
        11.537185563460001
      ],
      "exit_codes": [
        0,
        0,
        0,
        0,
        0,
        0,
        0,
        0,
        0,
        0,
        0,
        0,
        0,
        0,
        0,
        0,
        0,
        0,
        0,
        0
      ]
    },
    {
      "command": "node fixed-poolifier.mjs",
      "mean": 11.356596080909998,
      "stddev": 0.18773643921848024,
      "median": 11.29456609946,
      "user": 84.12756545,
      "system": 0.5123968400000001,
      "min": 11.15489913046,
      "max": 11.89709897946,
      "times": [
        11.28842508446,
        11.45222851346,
        11.23460998646,
        11.15489913046,
        11.22347996146,
        11.30347705046,
        11.42483632146,
        11.24280094246,
        11.26645936946,
        11.28948877846,
        11.289564564460001,
        11.31750867146,
        11.29956763446,
        11.273619724460001,
        11.331826318460001,
        11.20444931846,
        11.33355762146,
        11.89709897946,
        11.79759357146,
        11.50643007546
      ],
      "exit_codes": [
        0,
        0,
        0,
        0,
        0,
        0,
        0,
        0,
        0,
        0,
        0,
        0,
        0,
        0,
        0,
        0,
        0,
        0,
        0,
        0
      ]
    },
    {
      "command": "node dynamic-piscina.mjs",
      "mean": 13.96954857906,
      "stddev": 0.15294149540722818,
      "median": 13.924949551460001,
      "user": 83.91577705,
      "system": 0.8764507899999998,
      "min": 13.796995480460001,
      "max": 14.36604056546,
      "times": [
        13.88530186746,
        14.219938563460001,
        13.924741648460001,
        13.94637099246,
        13.97710498146,
        13.879033702460001,
        13.86036472646,
        13.92515745446,
        13.815125913460001,
        14.13655149346,
        14.03763722146,
        14.36604056546,
        13.796995480460001,
        13.96719749546,
        13.880604315460001,
        13.92629100946,
        14.22537706446,
        13.87854894646,
        13.827854786460001,
        13.91473335246
      ],
      "exit_codes": [
        0,
        0,
        0,
        0,
        0,
        0,
        0,
        0,
        0,
        0,
        0,
        0,
        0,
        0,
        0,
        0,
        0,
        0,
        0,
        0
      ]
    },
    {
      "command": "node fixed-piscina.mjs",
      "mean": 13.903733555459999,
      "stddev": 0.19168634439996315,
      "median": 13.83464575196,
      "user": 84.07448690000003,
      "system": 0.8601311899999999,
      "min": 13.748144764460001,
      "max": 14.412393211460001,
      "times": [
        13.846976446460001,
        13.92685395646,
        13.82268203546,
        14.37333245446,
        14.023949228460001,
        13.86672670646,
        14.14773441546,
        13.80653369046,
        13.80385636646,
        13.760039881460001,
        13.86446245346,
        13.80081846146,
        13.84660946846,
        13.76837037346,
        13.799337988460001,
        13.79013751946,
        13.85873795846,
        13.748144764460001,
        13.806973728460001,
        14.412393211460001
      ],
      "exit_codes": [
        0,
        0,
        0,
        0,
        0,
        0,
        0,
        0,
        0,
        0,
        0,
        0,
        0,
        0,
        0,
        0,
        0,
        0,
        0,
        0
      ]
    },
    {
      "command": "node dynamic-tinypool.mjs",
      "mean": 13.994092572859998,
      "stddev": 0.20241934655459232,
      "median": 13.936304883960002,
      "user": 84.12881345,
      "system": 1.7039561399999996,
      "min": 13.883758291460001,
      "max": 14.821950666460001,
      "times": [
        13.966210033460001,
        13.937544755460001,
        14.07474184746,
        13.91990565046,
        13.93506501246,
        13.92920750146,
        13.90353253146,
        13.912267811460001,
        14.01460675146,
        13.91280667846,
        13.88862534946,
        13.89433673946,
        14.821950666460001,
        13.94416041346,
        13.883758291460001,
        14.06253733846,
        13.957398195460001,
        13.926607261460001,
        14.022635471460001,
        13.97395315646
      ],
      "exit_codes": [
        0,
        0,
        0,
        0,
        0,
        0,
        0,
        0,
        0,
        0,
        0,
        0,
        0,
        0,
        0,
        0,
        0,
        0,
        0,
        0
      ]
    },
    {
      "command": "node fixed-tinypool.mjs",
      "mean": 13.999351037260002,
      "stddev": 0.20898225289155412,
      "median": 13.951080949960001,
      "user": 84.10157699999999,
      "system": 1.7198870900000003,
      "min": 13.87473413046,
      "max": 14.86472296146,
      "times": [
        13.92619766746,
        14.004044158460001,
        13.977218289460001,
        13.92701979746,
        13.95967980746,
        14.86472296146,
        13.943539534460001,
        14.04416872046,
        13.91758779146,
        14.01792684846,
        14.03383932046,
        13.95862236546,
        13.87473413046,
        13.899152218460001,
        13.924626830460001,
        13.929207616460001,
        13.91000959246,
        14.000713840460001,
        13.963721559460001,
        13.910287694460001
      ],
      "exit_codes": [
        0,
        0,
        0,
        0,
        0,
        0,
        0,
        0,
        0,
        0,
        0,
        0,
        0,
        0,
        0,
        0,
        0,
        0,
        0,
        0
      ]
    },
    {
      "command": "node dynamic-workerpool.mjs",
      "mean": 14.588445512860002,
      "stddev": 0.19168072714895476,
      "median": 14.53729377896,
      "user": 86.5068517,
      "system": 1.2670577399999998,
      "min": 14.43934690246,
      "max": 15.358537570460001,
      "times": [
        14.632960243460001,
        14.53857524846,
        14.55388903246,
        14.64864224846,
        14.603743489460001,
        14.48915307146,
        14.51865441146,
        14.52444953446,
        14.43934690246,
        14.55075847446,
        14.53601230946,
        14.50447696546,
        14.505208338460001,
        15.358537570460001,
        14.62779469746,
        14.491762085460001,
        14.52024548046,
        14.46665854746,
        14.592621020460001,
        14.665420585460001
      ],
      "exit_codes": [
        0,
        0,
        0,
        0,
        0,
        0,
        0,
        0,
        0,
        0,
        0,
        0,
        0,
        0,
        0,
        0,
        0,
        0,
        0,
        0
      ]
    },
    {
      "command": "node fixed-workerpool.mjs",
      "mean": 14.575268915859997,
      "stddev": 0.157386518859761,
      "median": 14.53422736396,
      "user": 86.6216756,
      "system": 1.2613628399999999,
      "min": 14.45781974346,
      "max": 15.14411060246,