{
  "results": [
    {
      "command": "node dynamic-poolifier.mjs",
      "mean": 11.38775277876,
      "stddev": 0.21814144254436024,
      "median": 11.322953913460001,
      "user": 84.1076975,
      "system": 0.5040721699999999,
      "min": 11.09516876446,
      "max": 11.968054307460001,
      "times": [
        11.30993804246,
        11.12423357746,
        11.09516876446,
        11.243529182460001,
        11.335969784460001,
        11.62250313446,
        11.30749717546,
        11.28648984846,
        11.25674298346,
        11.283455490460002,
        11.23508097346,
        11.44634368446,
        11.515924098460001,
        11.968054307460001,
        11.415602276460001,
        11.83597362146,
        11.33651149946,
        11.46193862446,
        11.44847444546,
        11.225624060460001
      ],
      "exit_codes": [
        0,
        0,
        0,
        0,
        0,
        0,
        0,
        0,
        0,
        0,
        0,
        0,
        0,
        0,
        0,
        0,
        0,
        0,
        0,
        0
      ]
    },
    {
      "command": "node fixed-poolifier.mjs",
      "mean": 11.46230425816,
      "stddev": 0.3478555765048522,
      "median": 11.343040398460001,
      "user": 84.27904735,
      "system": 0.46538152000000005,
      "min": 11.176994353460001,
      "max": 12.49158253046,
      "times": [
        12.25638341246,
        11.440140667460001,
        11.64586965546,
        11.61672521546,
        11.384420156460001,
        11.26919080146,
        11.225281991460001,
        11.18516631446,
        11.21587308846,
        11.299301128460002,
        11.60739339046,
        11.25156701146,
        11.441573252460001,
        11.45096601446,
        11.176994353460001,
        11.526435495460001,
        11.19863245546,
        11.30166064046,
        12.49158253046,
        11.260927587460001
      ],
      "exit_codes": [
        0,
        0,
        0,
        0,
        0,
        0,
        0,
        0,
        0,
        0,
        0,
        0,
        0,
        0,
        0,
        0,
        0,
        0,
        0,
        0
      ]
    },
    {
      "command": "node dynamic-piscina.mjs",
      "mean": 13.937160038160002,
      "stddev": 0.229091928711562,
      "median": 13.882523518460001,
      "user": 84.04203304999999,
      "system": 0.8436164199999998,
      "min": 13.718860815460001,
      "max": 14.66832118446,
      "times": [
        14.03558020446,
        14.16590890346,
        13.99332147246,
        14.08325131246,
        13.870321262460001,
        13.734451419460001,
        13.728452562460001,
        13.74543546846,
        13.718860815460001,
        13.80617790846,
        13.94562747846,
        14.66832118446,
        14.22665535246,
        13.81393658746,
        13.894725774460001,
        13.77916151246,
        13.903918667460001,
        13.788681807460001,
        14.054059612460001,
        13.78635145646
      ],
      "exit_codes": [
        0,
        0,
        0,
        0,
        0,
        0,
        0,
        0,
        0,
        0,
        0,
        0,
        0,
        0,
        0,
        0,
        0,
        0,
        0,
        0
      ]
    },
    {
      "command": "node fixed-piscina.mjs",
      "mean": 13.992389136160003,
      "stddev": 0.21553593896680856,
      "median": 13.924619035460001,
      "user": 84.08106079999997,
      "system": 0.8509846700000001,
      "min": 13.81159969746,
      "max": 14.774044333460001,
      "times": [
        14.086994330460001,
        13.90729217046,
        13.86176053346,
        13.88929074546,
        14.774044333460001,
        13.844506500460001,
        14.05363500246,
        14.009661020460001,
        13.81159969746,
        13.870511247460001,
        14.223842275460001,
        13.94194590046,
        13.83992894346,
        13.883734865460001,
        13.86473938946,
        14.04273950646,
        14.11619627246,
        13.82254833046,
        14.00192251046,
        14.00088914746
      ],
      "exit_codes": [
        0,
        0,
        0,
        0,
        0,
        0,
        0,
        0,
        0,
        0,
        0,
        0,
        0,
        0,
        0,
        0,
        0,
        0,
        0,
        0
      ]
    },
    {
      "command": "node dynamic-tinypool.mjs",
      "mean": 14.096936285309999,
      "stddev": 0.19900778421420295,
      "median": 14.02609740946,
      "user": 84.20009844999998,
      "system": 1.7178851199999996,
      "min": 13.93505015046,
      "max": 14.81120361146,
      "times": [
        14.208924987460001,
        14.09905080046,
        14.20386783746,
        14.24480254746,
        13.93505015046,
        14.01671994746,
        14.230109652460001,
        13.93849528246,
        13.98242186046,
        14.05876891446,
        13.94230319246,
        13.96491007046,
        14.81120361146,
        14.18733046946,
        13.97353044546,
        14.03547487146,
        13.958262447460001,
        14.014351195460002,
        14.137249416460001,
        13.99589800546
      ],
      "exit_codes": [
        0,
        0,
        0,
        0,
        0,
        0,
        0,
        0,
        0,
        0,
        0,
        0,
        0,
        0,
        0,
        0,
        0,
        0,
        0,
        0
      ]
    },
    {
      "command": "node fixed-tinypool.mjs",
      "mean": 14.114958578909997,
      "stddev": 0.2949376571329516,
      "median": 14.01824693846,
      "user": 84.24157754999999,
      "system": 1.71350162,
      "min": 13.90632764046,
      "max": 15.263442341460001,
      "times": [
        13.952656002460001,
        14.255859390460001,
        13.98329107846,
        14.096960776460001,
        13.93821709246,
        15.263442341460001,
        14.01646927446,
        13.99174837846,
        14.23345116446,
        14.05715108046,
        14.020024602460001,
        14.300898976460001,
        14.06711578046,
        13.94912018646,
        14.107705603460001,
        13.90632764046,
        13.94934941446,
        14.24450483046,
        13.974803324460002,
        13.990074639460001
      ],
      "exit_codes": [
        0,
        0,
        0,
        0,
        0,
        0,
        0,
        0,
        0,
        0,
        0,
        0,
        0,
        0,
        0,
        0,
        0,
        0,
        0,
        0
      ]
    },
    {
      "command": "node dynamic-workerpool.mjs",
      "mean": 14.681753711659999,
      "stddev": 0.2400606262903193,
      "median": 14.604875168460001,
      "user": 86.6164715,
      "system": 1.2728079700000001,
      "min": 14.52986027546,
      "max": 15.55808115446,
      "times": [
        14.559261749460001,
        14.588939016460001,
        14.607337818460001,
        14.60859866646,
        14.63245854246,
        14.582767051460001,
        14.55138562546,
        14.552110585460001,
        14.88595821646,
        14.536488308460001,
        14.639910783460001,
        14.52986027546,
        14.602412518460001,
        15.55808115446,
        14.63071204146,
        15.026919060460001,
        14.738571309460001,
        14.56531893746,
        14.56359945146,
        14.67438312046
      ],
      "exit_codes": [
        0,
        0,
        0,
        0,
        0,
        0,
        0,
        0,
        0,
        0,
        0,
        0,
        0,
        0,
        0,
        0,
        0,
        0,
        0,
        0
      ]
    },
    {
      "command": "node fixed-workerpool.mjs",
      "mean": 14.680175613009997,
      "stddev": 0.2356851209518685,
      "median": 14.61465628696,
      "user": 86.6167816,
      "system": 1.2898563200000002,
      "min": 14.516381733460001,
      "max": 15.59665105046,