{
  "results": [
    {
      "command": "node dynamic-poolifier.mjs",
      "mean": 11.39096399511,
      "stddev": 0.2507140094679051,
      "median": 11.33015094956,
      "user": 84.10149496,
      "system": 0.5160043299999999,
      "min": 10.992161490560001,
      "max": 12.14705098356,
      "times": [
        11.22477672356,
        11.38108288856,
        10.992161490560001,
        11.37868160556,
        11.55645932356,
        11.17442672256,
        11.31159776356,
        11.281204091560001,
        11.34870413556,
        11.25701216256,
        11.21393125456,
        11.707280670560001,
        11.21960482156,
        11.216828191560001,
        11.603927734560001,
        12.14705098356,
        11.382954318560001,
        11.265601481560001,
        11.55367884756,
        11.60231469056
      ],
      "exit_codes": [
        0,
        0,
        0,
        0,
        0,
        0,
        0,
        0,
        0,
        0,
        0,
        0,
        0,
        0,
        0,
        0,
        0,
        0,
        0,
        0
      ]
    },
    {
      "command": "node fixed-poolifier.mjs",
      "mean": 11.454697311060002,
      "stddev": 0.3606029017514374,
      "median": 11.40046055106,
      "user": 84.15007685999998,
      "system": 0.4902895799999999,
      "min": 11.09666552156,
      "max": 12.79375020256,
      "times": [
        11.54493104256,
        11.29143010356,
        11.38978276656,
        11.239998186560001,
        11.61936550056,
        11.09666552156,
        11.41113833556,
        11.53284114356,
        11.17205310256,
        11.288372110560001,
        12.79375020256,
        11.31601917356,
        11.205862467560001,
        11.48435911556,
        11.50610404056,
        11.42625346556,
        11.18810032056,
        11.65796694156,
        11.215920200560001,
        11.71303247956
      ],
      "exit_codes": [
        0,
        0,
        0,
        0,
        0,
        0,
        0,
        0,
        0,
        0,
        0,
        0,
        0,
        0,
        0,
        0,
        0,
        0,
        0,
        0
      ]
    },
    {
      "command": "node dynamic-piscina.mjs",
      "mean": 13.967628133309997,
      "stddev": 0.23949287514759854,
      "median": 13.89517949506,
      "user": 83.94008631,
      "system": 0.8856032800000001,
      "min": 13.75729377256,
      "max": 14.84392083156,
      "times": [
        14.015312786560001,
        13.845394884560001,
        13.79962715556,
        13.79065610756,
        14.84392083156,
        14.21344025056,
        13.81810306056,
        14.138187503560001,
        13.82072350156,
        13.96779639256,
        13.88534348356,
        14.04557227756,
        13.960829589560001,
        13.94599091956,
        13.75729377256,
        14.04986079556,
        13.83285808256,
        13.901041002560001,
        13.88931798756,
        13.831292280560001
      ],
      "exit_codes": [
        0,
        0,
        0,
        0,
        0,
        0,
        0,
        0,
        0,
        0,
        0,
        0,
        0,
        0,
        0,
        0,
        0,
        0,
        0,
        0
      ]
    },
    {
      "command": "node fixed-piscina.mjs",
      "mean": 13.947534027310002,
      "stddev": 0.14100650652691796,
      "median": 13.93459136456,
      "user": 84.03596490999999,
      "system": 0.86713358,
      "min": 13.77391784556,
      "max": 14.23952760856,
      "times": [
        14.08623340756,
        13.83326897156,
        13.78561713056,
        14.043872568560001,
        13.94913832256,
        13.85035199256,
        13.81908766656,
        13.853396142560001,
        13.79103872656,
        13.90262960656,
        13.99404342156,
        13.92004440656,
        13.97821741656,
        14.21156241756,
        14.09549645856,
        14.23952760856,
        14.05576395356,
        13.77391784556,
        13.789009999560001,
        13.978462482560001
      ],
      "exit_codes": [
        0,
        0,
        0,
        0,
        0,
        0,
        0,
        0,
        0,
        0,
        0,
        0,
        0,
        0,
        0,
        0,
        0,
        0,
        0,
        0
      ]
    },
    {
      "command": "node dynamic-tinypool.mjs",
      "mean": 13.987745249210002,
      "stddev": 0.1668423954616273,
      "median": 13.92642727706,
      "user": 84.21740101,
      "system": 1.7059799299999998,
      "min": 13.85718868756,
      "max": 14.57317675956,
      "times": [
        13.915288567560001,
        13.919797154560001,
        14.12578122556,
        13.990182603560001,
        13.85718868756,
        14.57317675956,
        14.250946907560001,
        13.89485503356,
        13.94620632156,
        13.89386717256,
        13.91052797356,
        13.955937955560001,
        13.858925581560001,
        13.92898971456,
        13.97009728856,
        14.07112644256,
        13.904656922560001,
        13.921602484560001,
        13.92386483956,
        13.941885347560001
      ],
      "exit_codes": [
        0,
        0,
        0,
        0,
        0,
        0,
        0,
        0,
        0,
        0,
        0,
        0,
        0,
        0,
        0,
        0,
        0,
        0,
        0,
        0
      ]
    },
    {
      "command": "node fixed-tinypool.mjs",
      "mean": 14.02135208436,
      "stddev": 0.20747741025615646,
      "median": 13.96817931756,
      "user": 84.13567291,
      "system": 1.7187335299999997,
      "min": 13.87138471956,
      "max": 14.850832696560001,
      "times": [
        14.10616454456,
        13.93606910456,
        14.00708294656,
        14.15509319156,
        13.99741060256,
        13.92708534256,
        13.96931510456,
        13.93617893056,
        13.89639870056,
        13.91834319356,
        14.05066330056,
        13.902075205560001,
        13.87138471956,
        13.96704353056,
        14.850832696560001,
        13.985693255560001,
        13.951637446560001,
        14.02582306356,
        13.95083767656,
        14.021909130560001
      ],
      "exit_codes": [
        0,
        0,
        0,
        0,
        0,
        0,
        0,
        0,
        0,
        0,
        0,
        0,
        0,
        0,
        0,
        0,
        0,
        0,
        0,
        0
      ]
    },
    {
      "command": "node dynamic-workerpool.mjs",
      "mean": 14.579275737659998,
      "stddev": 0.1508950620907872,
      "median": 14.52361860756,
      "user": 86.64092400999999,
      "system": 1.2638196299999997,
      "min": 14.427098047560001,
      "max": 15.091432964560001,
      "times": [
        14.733018792560001,
        14.70899634156,
        14.427098047560001,
        14.48543594356,
        14.46462805756,
        14.47626459556,
        15.091432964560001,
        14.71730307556,
        14.66004542956,
        14.57704315956,
        14.53293611056,
        14.514301104560001,
        14.556417341560001,
        14.502730812560001,
        14.47021560156,
        14.51350076556,
        14.50355083156,
        14.47030837056,
        14.56071121556,
        14.61957619156
      ],
      "exit_codes": [
        0,
        0,
        0,
        0,
        0,
        0,
        0,
        0,
        0,
        0,
        0,
        0,
        0,
        0,
        0,
        0,
        0,
        0,
        0,
        0
      ]
    },
    {
      "command": "node fixed-workerpool.mjs",
      "mean": 14.58927977851,
      "stddev": 0.17647161640971268,
      "median": 14.52570354956,
      "user": 86.64521796,
      "system": 1.2780047299999997,
      "min": 14.48973136556,
      "max": 15.24115806256,