{
  "results": [
    {
      "command": "node dynamic-poolifier.mjs",
      "mean": 11.517075011299998,
      "stddev": 0.17365873318929576,
      "median": 11.4746349622,
      "user": 84.22775219,
      "system": 0.5493918200000001,
      "min": 11.3077805027,
      "max": 11.8902412827,
      "times": [
        11.4204066237,
        11.488122579699999,
        11.4032407277,
        11.3077805027,
        11.681435475699999,
        11.875620096699999,
        11.319024922699999,
        11.4649120207,
        11.6685804637,
        11.7090688537,
        11.3845411787,
        11.3584847427,
        11.4485860807,
        11.3730970867,
        11.5478303937,
        11.4843579037,
        11.8902412827,
        11.4943996397,
        11.3717475497,
        11.6500221007
      ],
      "exit_codes": [
        0,
        0,
        0,
        0,
        0,
        0,
        0,
        0,
        0,
        0,
        0,
        0,
        0,
        0,
        0,
        0,
        0,
        0,
        0,
        0
      ]
    },
    {
      "command": "node fixed-poolifier.mjs",
      "mean": 11.624643033900002,
      "stddev": 0.3469975408801143,
      "median": 11.5152519502,
      "user": 84.93002959,
      "system": 0.5601894699999999,
      "min": 11.3104290727,
      "max": 12.7207541557,
      "times": [
        11.9846601917,
        11.453910598699999,
        11.427169894699999,
        11.5100918507,
        11.805498069699999,
        11.384015463699999,
        11.381273264699999,
        11.4353585247,
        11.5832594927,
        11.5236275137,
        12.7207541557,
        11.520412049699999,
        11.3858191477,
        11.575685541699999,
        11.6969323357,
        11.6435049167,
        11.3104290727,
        11.3783631657,
        12.2771274877,
        11.494967939699999
      ],
      "exit_codes": [
        0,
        0,
        0,
        0,
        0,
        0,
        0,
        0,
        0,
        0,
        0,
        0,
        0,
        0,
        0,
        0,
        0,
        0,
        0,
        0
      ]
    },
    {
      "command": "node dynamic-piscina.mjs",
      "mean": 13.939101133249997,
      "stddev": 0.17646420104122412,
      "median": 13.8906058832,
      "user": 83.98623664000002,
      "system": 0.83025732,
      "min": 13.7922229547,
      "max": 14.5933785867,
      "times": [
        13.9680642087,
        13.8338785047,
        14.0234359057,
        13.8775363047,
        13.8881145817,
        14.070889698699999,
        13.8090275937,
        13.9348517097,
        13.8421640987,
        13.7958518697,
        13.8163081367,
        14.5933785867,
        13.8606882177,
        13.845226345699999,
        13.9619896147,
        14.0611455287,
        13.8930971847,
        13.9115531517,
        14.002598467699999,
        13.7922229547
      ],
      "exit_codes": [
        0,
        0,
        0,
        0,
        0,
        0,
        0,
        0,
        0,
        0,
        0,
        0,
        0,
        0,
        0,
        0,
        0,
        0,
        0,
        0
      ]
    },
    {
      "command": "node fixed-piscina.mjs",
      "mean": 13.995816192500001,
      "stddev": 0.1644748734258061,
      "median": 13.9193995067,
      "user": 84.15829484000001,
      "system": 0.8392032199999999,
      "min": 13.824415346699999,
      "max": 14.4707315307,
      "times": [
        13.903527063699999,
        14.077233933699999,
        13.8851314107,
        14.1072110667,
        14.224034546699999,
        13.8554057827,
        13.9002750497,
        13.8489254537,
        14.1026002667,
        13.976158436699999,
        13.824415346699999,
        14.119213628699999,
        13.828065494699999,
        13.8996984157,
        14.1540565857,
        13.891788523699999,
        13.935271949699999,
        14.0259600017,
        13.8866193617,
        14.4707315307
      ],
      "exit_codes": [
        0,
        0,
        0,
        0,
        0,
        0,
        0,
        0,
        0,
        0,
        0,
        0,
        0,
        0,
        0,
        0,
        0,
        0,
        0,
        0
      ]
    },
    {
      "command": "node dynamic-tinypool.mjs",
      "mean": 14.090964626049999,
      "stddev": 0.20090470730826157,
      "median": 14.0314188307,
      "user": 84.19936174,
      "system": 1.70140432,
      "min": 13.910071950699999,
      "max": 14.8516540877,
      "times": [
        14.0280445017,
        13.910071950699999,
        14.0152350087,
        13.9986178647,
        14.0347931597,
        13.9544138647,
        13.985207919699999,
        14.1831754427,
        13.9729564437,
        14.0725064147,
        14.212651810699999,
        13.9754025077,
        14.8516540877,
        13.957963267699999,
        13.9920370027,
        14.130509653699999,
        14.2395567257,
        14.0930658357,
        14.1358990157,
        14.075530042699999
      ],
      "exit_codes": [
        0,
        0,
        0,
        0,
        0,
        0,
        0,
        0,
        0,
        0,
        0,
        0,
        0,
        0,
        0,
        0,
        0,
        0,
        0,
        0
      ]
    },
    {
      "command": "node fixed-tinypool.mjs",
      "mean": 14.099658991049997,
      "stddev": 0.18515549675774118,
      "median": 14.039694771699999,
      "user": 84.21823679000002,
      "system": 1.7255008200000002,
      "min": 13.9449027557,
      "max": 14.7816315177,
      "times": [
        14.0343368117,
        14.074642513699999,
        13.9449027557,
        14.190145725699999,
        13.966181174699999,
        14.7816315177,
        14.009755172699998,
        13.985529588699999,
        14.0160527697,
        14.1455350707,
        13.984570849699999,
        14.158615549699999,
        14.113914312699999,
        14.1879094707,
        14.012237770699999,
        14.289282798699999,
        13.9707977167,
        14.097883721699999,
        14.045052731699998,
        13.984201797699999
      ],
      "exit_codes": [
        0,
        0,
        0,
        0,
        0,
        0,
        0,
        0,
        0,
        0,
        0,
        0,
        0,
        0,
        0,
        0,
        0,
        0,
        0,
        0
      ]
    },
    {
      "command": "node dynamic-workerpool.mjs",
      "mean": 14.67594446165,
      "stddev": 0.14382506399220507,
      "median": 14.629151263199999,
      "user": 86.54721194,
      "system": 1.25223517,
      "min": 14.5304072957,
      "max": 15.1687742607,
      "times": [
        14.578824922699999,
        14.655441887699999,
        14.5971402557,
        14.6083283187,
        14.7725134017,
        14.628248398699998,
        14.5956574067,
        14.5568489397,
        14.746782701699999,
        14.5906152347,
        14.5304072957,
        14.7719754947,
        14.6300541277,
        15.1687742607,
        14.8030276777,
        14.5923379947,
        14.696538285699999,
        14.7904841397,
        14.652369243699999,
        14.5525192447
      ],
      "exit_codes": [
        0,
        0,
        0,
        0,
        0,
        0,
        0,
        0,
        0,
        0,
        0,
        0,
        0,
        0,
        0,
        0,
        0,
        0,
        0,
        0
      ]
    },
    {
      "command": "node fixed-workerpool.mjs",
      "mean": 14.795293610200002,
      "stddev": 0.3248177406553838,
      "median": 14.6741203842,
      "user": 87.16398848999998,
      "system": 1.29379087,
      "min": 14.540513043699999,
      "max": 15.5959834007,