{
  "results": [
    {
      "command": "node dynamic-poolifier.mjs",
      "mean": 11.55075054077,
      "stddev": 0.20784293767846143,
      "median": 11.54467570412,
      "user": 84.0660399,
      "system": 0.5622882199999999,
      "min": 11.208749281620001,
      "max": 12.25473233162,
      "times": [
        11.49684047062,
        11.56312437962,
        11.208749281620001,
        11.67328100762,
        12.25473233162,
        11.54428540062,
        11.46021319862,
        11.44752011262,
        11.59018277462,
        11.628013105620001,
        11.44637723462,
        11.649140772620001,
        11.60700196362,
        11.28643609162,
        11.581596236620001,
        11.545066007620001,
        11.69568724462,
        11.49889742162,
        11.49206031562,
        11.34580546362
      ],
      "exit_codes": [
        0,
        0,
        0,
        0,
        0,
        0,
        0,
        0,
        0,
        0,
        0,
        0,
        0,
        0,
        0,
        0,
        0,
        0,
        0,
        0
      ]
    },
    {
      "command": "node fixed-poolifier.mjs",
      "mean": 11.613179987920002,
      "stddev": 0.26505522925356295,
      "median": 11.55083026362,
      "user": 84.7942242,
      "system": 0.55555797,
      "min": 11.29344093662,
      "max": 12.12779164362,
      "times": [
        12.00907242062,
        11.36196327262,
        11.53659212462,
        11.59175335362,
        11.63676922962,
        11.51177642162,
        11.56506840262,
        11.375838938620001,
        12.06459027962,
        11.67329544262,
        11.430171919620001,
        12.00614824362,
        11.44961893662,
        11.32179300862,
        11.29344093662,
        11.64870515262,
        11.31450366462,
        12.12779164362,
        11.85632421162,
        11.48838215462
      ],
      "exit_codes": [
        0,
        0,
        0,
        0,
        0,
        0,
        0,
        0,
        0,
        0,
        0,
        0,
        0,
        0,
        0,
        0,
        0,
        0,
        0,
        0
      ]
    },
    {
      "command": "node dynamic-piscina.mjs",
      "mean": 13.973407722470004,
      "stddev": 0.12606064145604856,
      "median": 13.96243489162,
      "user": 83.8592749,
      "system": 0.8513755699999999,
      "min": 13.818597114620001,
      "max": 14.19692715462,
      "times": [
        14.06185216562,
        13.92105195962,
        14.06125208562,
        13.818597114620001,
        13.847389768620001,
        14.04154631562,
        13.83880104562,
        13.83042812062,
        14.19692715462,
        13.835554932620001,
        14.07950664062,
        14.19050766862,
        13.843402922620001,
        13.889904660620001,
        14.00672743562,
        14.10822115462,
        13.91654367762,
        14.10098146662,
        14.00381782362,
        13.875140335620001
      ],
      "exit_codes": [
        0,
        0,
        0,
        0,
        0,
        0,
        0,
        0,
        0,
        0,
        0,
        0,
        0,
        0,
        0,
        0,
        0,
        0,
        0,
        0
      ]
    },
    {
      "command": "node fixed-piscina.mjs",
      "mean": 14.053764739920002,
      "stddev": 0.23959786134968566,
      "median": 13.95764937112,
      "user": 84.02636405,
      "system": 0.87365207,
      "min": 13.85794257062,
      "max": 14.72543876362,
      "times": [
        14.038924638620001,
        14.05329965862,
        13.93005735762,
        14.523645955620001,
        14.31483429462,
        13.96267422562,
        14.00971030162,
        13.88331723162,
        13.879136070620001,
        13.92886326862,
        13.947792811620001,
        14.06202611762,
        13.923721671620001,
        13.85794257062,
        14.36705413962,
        13.86885786562,
        13.86680788262,
        13.97856545562,
        13.95262451662,
        14.72543876362
      ],
      "exit_codes": [
        0,
        0,
        0,
        0,
        0,
        0,
        0,
        0,
        0,
        0,
        0,
        0,
        0,
        0,
        0,
        0,
        0,
        0,
        0,
        0
      ]
    },
    {
      "command": "node dynamic-tinypool.mjs",
      "mean": 14.192497767819997,
      "stddev": 0.19898661212872024,
      "median": 14.11589190162,
      "user": 84.1778193,
      "system": 1.7365379699999999,
      "min": 13.94773604262,
      "max": 14.80781905662,
      "times": [
        14.20720532062,
        14.04648268462,
        14.104579256620001,
        14.04690160262,
        14.01935088262,
        14.058559025620001,
        13.94773604262,
        14.094982635620001,
        14.24299566062,
        14.06452185362,
        14.322297324620001,
        14.12720454662,
        14.80781905662,
        14.46353298062,
        14.22939591562,
        14.28063325362,
        14.37698363062,
        14.08703260862,
        14.02650351062,
        14.29523756362
      ],
      "exit_codes": [
        0,
        0,
        0,
        0,
        0,
        0,
        0,
        0,
        0,
        0,
        0,
        0,
        0,
        0,
        0,
        0,
        0,
        0,
        0,
        0
      ]
    },
    {
      "command": "node fixed-tinypool.mjs",
      "mean": 14.09691643987,
      "stddev": 0.1504750906527409,
      "median": 14.04235217862,
      "user": 84.05017995,
      "system": 1.7184885700000003,
      "min": 13.94850102362,
      "max": 14.62660283162,
      "times": [
        14.04177983062,
        14.08265744262,
        14.04292452662,
        14.04115693162,
        14.62660283162,
        14.20428710862,
        14.03022654662,
        14.10612761262,
        13.97973396762,
        14.15177939462,
        14.11761993362,
        14.024605341620001,
        14.161442815620001,
        14.02377354362,
        13.989944769620001,
        14.16264722262,
        13.98007053662,
        13.94850102362,
        14.253614819620001,
        13.96883259762
      ],
      "exit_codes": [
        0,
        0,
        0,
        0,
        0,
        0,
        0,
        0,
        0,
        0,
        0,
        0,
        0,
        0,
        0,
        0,
        0,
        0,
        0,
        0
      ]
    },
    {
      "command": "node dynamic-workerpool.mjs",
      "mean": 14.67497597497,
      "stddev": 0.1370350339095064,
      "median": 14.65934658912,
      "user": 86.53396505,
      "system": 1.2622574700000002,
      "min": 14.52780176562,
      "max": 15.14487437562,
      "times": [
        14.66725246662,
        14.799724129620001,
        14.68276268462,
        14.65987088462,
        14.72250008262,
        14.52780176562,
        14.64081424762,
        14.553551029620001,
        14.54776240462,
        14.558504302620001,
        14.77122116262,
        14.59935780662,
        15.14487437562,
        14.750654324620001,
        14.591429702620001,
        14.56554472262,
        14.60317633562,
        14.72992723562,
        14.65882229362,
        14.72396754162
      ],
      "exit_codes": [
        0,
        0,
        0,
        0,
        0,
        0,
        0,
        0,
        0,
        0,
        0,
        0,
        0,
        0,
        0,
        0,
        0,
        0,
        0,
        0
      ]
    },
    {
      "command": "node fixed-workerpool.mjs",
      "mean": 14.69457236522,
      "stddev": 0.1232975199525343,
      "median": 14.66410519462,
      "user": 86.51533105000001,
      "system": 1.2781065699999998,
      "min": 14.550273241620001,
      "max": 15.00217120962,